{"stats":{"minecraft:picked_up":{"byg:pine_sapling":3,"minecraft:black_wool":1,"minecraft:mutton":1},"minecraft:custom":{"minecraft:jump":122,"minecraft:time_since_rest":10605,"minecraft:crouch_one_cm":6,"minecraft:damage_dealt":10,"minecraft:play_one_minute":10605,"minecraft:leave_game":1,"minecraft:sprint_one_cm":59583,"minecraft:time_since_death":10605,"minecraft:walk_one_cm":27393,"minecraft:sneak_time":41,"minecraft:fly_one_cm":41361,"minecraft:aviate_one_cm":30854},"minecraft:used":{"byg:pine_sapling":1,"expandedstorage:gold_chest":1}},"DataVersion":2584}