{
  "leafSize": 0.1,
  "leafLifespan": 200,
  "leafRate": 1.0,
  "coniferLeafRate": 0.0,
  "coniferLeafIds": [
    "minecraft:spruce_leaves",
    "terrestria:cypress_leaves",
    "terrestria:hemlock_leaves",
    "terrestria:redwood_leaves",
    "traverse:fir_leaves"
  ],
  "rateOverrides": {
    "minecraft:jungle_leaves": 0.0,
    "terrestria:japenese_maple_shrub_leaves": 0.0,
    "terrestria:jungle_palm_leaves": 0.0,
    "terrestria:sakura_leaves": 2.0,
    "terrestria:yucca_palm_leaves": 0.0
  }
}