{"minecraft:luck_of_the_sea":{"orderIndex":27,"color":12915514},"minecraft:thorns":{"orderIndex":7,"color":12915514},"minecraft:sweeping":{"orderIndex":18,"color":12915514},"betterend:end_veil":{"orderIndex":38,"color":12915514},"minecraft:feather_falling":{"orderIndex":2,"color":12915514},"minecraft:flame":{"orderIndex":25,"color":12915514},"minecraft:binding_curse":{"orderIndex":10,"color":12915514},"biom4st3rmoenchantments:grapnel":{"orderIndex":50,"color":12915514},"minecraft:projectile_protection":{"orderIndex":4,"color":12915514},"minecraft:smite":{"orderIndex":13,"color":12915514},"biom4st3rmoenchantments:curseofender":{"orderIndex":44,"color":12915514},"minecraft:frost_walker":{"orderIndex":9,"color":12915514},"minecraft:punch":{"orderIndex":24,"color":12915514},"minecraft:sharpness":{"orderIndex":12,"color":12915514},"minecraft:efficiency":{"orderIndex":19,"color":12915514},"minecraft:lure":{"orderIndex":28,"color":12915514},"biom4st3rmoenchantments:treefeller":{"orderIndex":40,"color":12915514},"minecraft:fire_aspect":{"orderIndex":16,"color":12915514},"minecraft:piercing":{"orderIndex":35,"color":12915514},"biom4st3rmoenchantments:autosmelt":{"orderIndex":42,"color":12915514},"minecraft:unbreaking":{"orderIndex":21,"color":12915514},"biomemakeover:decay_curse":{"orderIndex":39,"color":12915514},"biom4st3rmoenchantments:soulbound":{"orderIndex":46,"color":12915514},"minecraft:riptide":{"orderIndex":31,"color":12915514},"minecraft:quick_charge":{"orderIndex":34,"color":12915514},"biom4st3rmoenchantments:arrow_chaos":{"orderIndex":49,"color":12915514},"minecraft:fortune":{"orderIndex":22,"color":12915514},"biom4st3rmoenchantments:veinminer":{"orderIndex":41,"color":12915514},"minecraft:fire_protection":{"orderIndex":1,"color":12915514},"minecraft:knockback":{"orderIndex":15,"color":12915514},"minecraft:mending":{"orderIndex":36,"color":12915514},"biom4st3rmoenchantments:tamedprotection":{"orderIndex":43,"color":12915514},"minecraft:power":{"orderIndex":23,"color":12915514},"minecraft:aqua_affinity":{"orderIndex":6,"color":12915514},"biom4st3rmoenchantments:potionretension":{"orderIndex":45,"color":12915514},"minecraft:vanishing_curse":{"orderIndex":37,"color":12915514},"biom4st3rmoenchantments:bowaccuracy":{"orderIndex":47,"color":12915514},"minecraft:blast_protection":{"orderIndex":3,"color":12915514},"minecraft:impaling":{"orderIndex":30,"color":12915514},"minecraft:bane_of_arthropods":{"orderIndex":14,"color":12915514},"biom4st3rmoenchantments:bowinaccuracy":{"orderIndex":48,"color":12915514},"minecraft:silk_touch":{"orderIndex":20,"color":12915514},"minecraft:looting":{"orderIndex":17,"color":12915514},"minecraft:depth_strider":{"orderIndex":8,"color":12915514},"minecraft:soul_speed":{"orderIndex":11,"color":12915514},"minecraft:respiration":{"orderIndex":5,"color":12915514},"minecraft:loyalty":{"orderIndex":29,"color":12915514},"minecraft:protection":{"orderIndex":0,"color":12915514},"minecraft:infinity":{"orderIndex":26,"color":12915514},"minecraft:multishot":{"orderIndex":33,"color":12915514},"minecraft:channeling":{"orderIndex":32,"color":12915514}}