{
  "biomeMap": {
    "biomeSizeLand [default: 256]": 256,
    "biomeSizeVoid [default: 256]": 256
  },
  "hasPortal [default: true]": true,
  "hasPillars [default: true]": true,
  "hasDragonFights [default: true]": true,
  "swapOverworldToEnd [default: false]": false,
  "chorusPlant": {
    "changeChorusPlant [default: true]": true,
    "removeChorusFromVanillaBiomes [default: true]": true
  },
  "customGenerator": {
    "useNewGenerator [default: false]": false,
    "noRingVoid [default: false]": false,
    "generateCentralIsland [default: false]": false,
    "endCityFailChance [default: 5]": 5
  }
}