{
  "grid": {
    "flavolite_bricks [default: true]": true,
    "flavolite_polished [default: true]": true,
    "flavolite_tiles [default: true]": true,
    "flavolite_pillar [default: true]": true,
    "flavolite_stairs [default: true]": true,
    "flavolite_slab [default: true]": true,
    "flavolite_bricks_stairs [default: true]": true,
    "flavolite_bricks_slab [default: true]": true,
    "flavolite_wall [default: true]": true,
    "flavolite_bricks_wall [default: true]": true,
    "flavolite_button [default: true]": true,
    "flavolite_pressure_plate [default: true]": true,
    "flavolite_lantern [default: true]": true,
    "flavolite_pedestal [default: true]": true,
    "violecite_bricks [default: true]": true,
    "violecite_polished [default: true]": true,
    "violecite_tiles [default: true]": true,
    "violecite_pillar [default: true]": true,
    "violecite_stairs [default: true]": true,
    "violecite_slab [default: true]": true,
    "violecite_bricks_stairs [default: true]": true,
    "violecite_bricks_slab [default: true]": true,
    "violecite_wall [default: true]": true,
    "violecite_bricks_wall [default: true]": true,
    "violecite_button [default: true]": true,
    "violecite_pressure_plate [default: true]": true,
    "violecite_lantern [default: true]": true,
    "violecite_pedestal [default: true]": true,
    "sulphuric_rock_bricks [default: true]": true,
    "sulphuric_rock_polished [default: true]": true,
    "sulphuric_rock_tiles [default: true]": true,
    "sulphuric_rock_pillar [default: true]": true,
    "sulphuric_rock_stairs [default: true]": true,
    "sulphuric_rock_slab [default: true]": true,
    "sulphuric_rock_bricks_stairs [default: true]": true,
    "sulphuric_rock_bricks_slab [default: true]": true,
    "sulphuric_rock_wall [default: true]": true,
    "sulphuric_rock_bricks_wall [default: true]": true,
    "sulphuric_rock_button [default: true]": true,
    "sulphuric_rock_pressure_plate [default: true]": true,
    "sulphuric_rock_lantern [default: true]": true,
    "sulphuric_rock_pedestal [default: true]": true,
    "mossy_glowshroom_planks [default: true]": true,
    "mossy_glowshroom_stairs [default: true]": true,
    "mossy_glowshroom_slab [default: true]": true,
    "mossy_glowshroom_fence [default: true]": true,
    "mossy_glowshroom_gate [default: true]": true,
    "mossy_glowshroom_button [default: true]": true,
    "mossy_glowshroom_pressure_plate [default: true]": true,
    "mossy_glowshroom_trapdoor [default: true]": true,
    "mossy_glowshroom_door [default: true]": true,
    "mossy_glowshroom_crafting_table [default: true]": true,
    "mossy_glowshroom_ladder [default: true]": true,
    "mossy_glowshroom_sign [default: true]": true,
    "mossy_glowshroom_chest [default: true]": true,
    "mossy_glowshroom_barrel [default: true]": true,
    "mossy_glowshroom_bookshelf [default: true]": true,
    "mossy_glowshroom_bark [default: true]": true,
    "mossy_glowshroom_log [default: true]": true,
    "mossy_glowshroom_composter [default: true]": true,
    "pythadendron_planks [default: true]": true,
    "pythadendron_stairs [default: true]": true,
    "pythadendron_slab [default: true]": true,
    "pythadendron_fence [default: true]": true,
    "pythadendron_gate [default: true]": true,
    "pythadendron_button [default: true]": true,
    "pythadendron_pressure_plate [default: true]": true,
    "pythadendron_trapdoor [default: true]": true,
    "pythadendron_door [default: true]": true,
    "pythadendron_crafting_table [default: true]": true,
    "pythadendron_ladder [default: true]": true,
    "pythadendron_sign [default: true]": true,
    "pythadendron_chest [default: true]": true,
    "pythadendron_barrel [default: true]": true,
    "pythadendron_bookshelf [default: true]": true,
    "pythadendron_bark [default: true]": true,
    "pythadendron_log [default: true]": true,
    "pythadendron_composter [default: true]": true,
    "end_lotus_planks [default: true]": true,
    "end_lotus_stairs [default: true]": true,
    "end_lotus_slab [default: true]": true,
    "end_lotus_fence [default: true]": true,
    "end_lotus_gate [default: true]": true,
    "end_lotus_button [default: true]": true,
    "end_lotus_pressure_plate [default: true]": true,
    "end_lotus_trapdoor [default: true]": true,
    "end_lotus_door [default: true]": true,
    "end_lotus_crafting_table [default: true]": true,
    "end_lotus_ladder [default: true]": true,
    "end_lotus_sign [default: true]": true,
    "end_lotus_chest [default: true]": true,
    "end_lotus_barrel [default: true]": true,
    "end_lotus_bookshelf [default: true]": true,
    "end_lotus_bark [default: true]": true,
    "end_lotus_log [default: true]": true,
    "end_lotus_composter [default: true]": true,
    "lacugrove_planks [default: true]": true,
    "lacugrove_stairs [default: true]": true,
    "lacugrove_slab [default: true]": true,
    "lacugrove_fence [default: true]": true,
    "lacugrove_gate [default: true]": true,
    "lacugrove_button [default: true]": true,
    "lacugrove_pressure_plate [default: true]": true,
    "lacugrove_trapdoor [default: true]": true,
    "lacugrove_door [default: true]": true,
    "lacugrove_crafting_table [default: true]": true,
    "lacugrove_ladder [default: true]": true,
    "lacugrove_sign [default: true]": true,
    "lacugrove_chest [default: true]": true,
    "lacugrove_barrel [default: true]": true,
    "lacugrove_bookshelf [default: true]": true,
    "lacugrove_bark [default: true]": true,
    "lacugrove_log [default: true]": true,
    "lacugrove_composter [default: true]": true,
    "dragon_tree_planks [default: true]": true,
    "dragon_tree_stairs [default: true]": true,
    "dragon_tree_slab [default: true]": true,
    "dragon_tree_fence [default: true]": true,
    "dragon_tree_gate [default: true]": true,
    "dragon_tree_button [default: true]": true,
    "dragon_tree_pressure_plate [default: true]": true,
    "dragon_tree_trapdoor [default: true]": true,
    "dragon_tree_door [default: true]": true,
    "dragon_tree_crafting_table [default: true]": true,
    "dragon_tree_ladder [default: true]": true,
    "dragon_tree_sign [default: true]": true,
    "dragon_tree_chest [default: true]": true,
    "dragon_tree_barrel [default: true]": true,
    "dragon_tree_bookshelf [default: true]": true,
    "dragon_tree_bark [default: true]": true,
    "dragon_tree_log [default: true]": true,
    "dragon_tree_composter [default: true]": true,
    "tenanea_planks [default: true]": true,
    "tenanea_stairs [default: true]": true,
    "tenanea_slab [default: true]": true,
    "tenanea_fence [default: true]": true,
    "tenanea_gate [default: true]": true,
    "tenanea_button [default: true]": true,
    "tenanea_pressure_plate [default: true]": true,
    "tenanea_trapdoor [default: true]": true,
    "tenanea_door [default: true]": true,
    "tenanea_crafting_table [default: true]": true,
    "tenanea_ladder [default: true]": true,
    "tenanea_sign [default: true]": true,
    "tenanea_chest [default: true]": true,
    "tenanea_barrel [default: true]": true,
    "tenanea_bookshelf [default: true]": true,
    "tenanea_bark [default: true]": true,
    "tenanea_log [default: true]": true,
    "tenanea_composter [default: true]": true,
    "helix_tree_planks [default: true]": true,
    "helix_tree_stairs [default: true]": true,
    "helix_tree_slab [default: true]": true,
    "helix_tree_fence [default: true]": true,
    "helix_tree_gate [default: true]": true,
    "helix_tree_button [default: true]": true,
    "helix_tree_pressure_plate [default: true]": true,
    "helix_tree_trapdoor [default: true]": true,
    "helix_tree_door [default: true]": true,
    "helix_tree_crafting_table [default: true]": true,
    "helix_tree_ladder [default: true]": true,
    "helix_tree_sign [default: true]": true,
    "helix_tree_chest [default: true]": true,
    "helix_tree_barrel [default: true]": true,
    "helix_tree_bookshelf [default: true]": true,
    "helix_tree_bark [default: true]": true,
    "helix_tree_log [default: true]": true,
    "helix_tree_composter [default: true]": true,
    "umbrella_tree_planks [default: true]": true,
    "umbrella_tree_stairs [default: true]": true,
    "umbrella_tree_slab [default: true]": true,
    "umbrella_tree_fence [default: true]": true,
    "umbrella_tree_gate [default: true]": true,
    "umbrella_tree_button [default: true]": true,
    "umbrella_tree_pressure_plate [default: true]": true,
    "umbrella_tree_trapdoor [default: true]": true,
    "umbrella_tree_door [default: true]": true,
    "umbrella_tree_crafting_table [default: true]": true,
    "umbrella_tree_ladder [default: true]": true,
    "umbrella_tree_sign [default: true]": true,
    "umbrella_tree_chest [default: true]": true,
    "umbrella_tree_barrel [default: true]": true,
    "umbrella_tree_bookshelf [default: true]": true,
    "umbrella_tree_bark [default: true]": true,
    "umbrella_tree_log [default: true]": true,
    "umbrella_tree_composter [default: true]": true,
    "jellyshroom_planks [default: true]": true,
    "jellyshroom_stairs [default: true]": true,
    "jellyshroom_slab [default: true]": true,
    "jellyshroom_fence [default: true]": true,
    "jellyshroom_gate [default: true]": true,
    "jellyshroom_button [default: true]": true,
    "jellyshroom_pressure_plate [default: true]": true,
    "jellyshroom_trapdoor [default: true]": true,
    "jellyshroom_door [default: true]": true,
    "jellyshroom_crafting_table [default: true]": true,
    "jellyshroom_ladder [default: true]": true,
    "jellyshroom_sign [default: true]": true,
    "jellyshroom_chest [default: true]": true,
    "jellyshroom_barrel [default: true]": true,
    "jellyshroom_bookshelf [default: true]": true,
    "jellyshroom_bark [default: true]": true,
    "jellyshroom_log [default: true]": true,
    "jellyshroom_composter [default: true]": true,
    "hydralux_petal_block_white [default: true]": true,
    "hydralux_petal_block_orange [default: true]": true,
    "hydralux_petal_block_magenta [default: true]": true,
    "hydralux_petal_block_light_blue [default: true]": true,
    "hydralux_petal_block_yellow [default: true]": true,
    "hydralux_petal_block_lime [default: true]": true,
    "hydralux_petal_block_pink [default: true]": true,
    "hydralux_petal_block_gray [default: true]": true,
    "hydralux_petal_block_light_gray [default: true]": true,
    "hydralux_petal_block_cyan [default: true]": true,
    "hydralux_petal_block_purple [default: true]": true,
    "hydralux_petal_block_blue [default: true]": true,
    "hydralux_petal_block_brown [default: true]": true,
    "hydralux_petal_block_green [default: true]": true,
    "hydralux_petal_block_red [default: true]": true,
    "hydralux_petal_block_black [default: true]": true,
    "bulb_lantern_white [default: true]": true,
    "bulb_lantern_orange [default: true]": true,
    "bulb_lantern_magenta [default: true]": true,
    "bulb_lantern_light_blue [default: true]": true,
    "bulb_lantern_yellow [default: true]": true,
    "bulb_lantern_lime [default: true]": true,
    "bulb_lantern_pink [default: true]": true,
    "bulb_lantern_gray [default: true]": true,
    "bulb_lantern_light_gray [default: true]": true,
    "bulb_lantern_cyan [default: true]": true,
    "bulb_lantern_purple [default: true]": true,
    "bulb_lantern_blue [default: true]": true,
    "bulb_lantern_brown [default: true]": true,
    "bulb_lantern_green [default: true]": true,
    "bulb_lantern_red [default: true]": true,
    "bulb_lantern_black [default: true]": true,
    "ender_pearl_to_block [default: true]": true,
    "ender_block_to_pearl [default: true]": true,
    "end_stone_smelter [default: true]": true,
    "andesite_pedestal [default: true]": true,
    "diorite_pedestal [default: true]": true,
    "granite_pedestal [default: true]": true,
    "quartz_pedestal [default: true]": true,
    "purpur_pedestal [default: true]": true,
    "infusion_pedestal [default: true]": true,
    "terminite_block [default: true]": true,
    "terminite_block_to_ingot [default: true]": true,
    "terminite_helmet [default: true]": true,
    "terminite_chestplate [default: true]": true,
    "terminite_leggings [default: true]": true,
    "terminite_boots [default: true]": true,
    "terminite_shovel [default: true]": true,
    "terminite_sword [default: true]": true,
    "terminite_pickaxe [default: true]": true,
    "terminite_axe [default: true]": true,
    "terminite_hoe [default: true]": true,
    "terminite_hammer [default: true]": true,
    "aeternium_block [default: true]": true,
    "aeternium_block_to_ingot [default: true]": true,
    "iron_hammer [default: true]": true,
    "golden_hammer [default: true]": true,
    "diamond_hammer [default: true]": true,
    "netherite_hammer [default: true]": true,
    "blue_vine_seed_dye [default: true]": true,
    "creeping_moss_dye [default: true]": true,
    "umbrella_moss_dye [default: true]": true,
    "umbrella_moss_tall_dye [default: true]": true,
    "shadow_plant_dye [default: true]": true,
    "paper [default: true]": true,
    "aurora_block [default: true]": true,
    "lotus_block [default: true]": true,
    "needlegrass_stick [default: true]": true,
    "shadow_berry_seeds [default: true]": true,
    "purple_polypore_dye [default: true]": true,
    "end_stone_lantern [default: true]": true,
    "andesite_lantern [default: true]": true,
    "diorite_lantern [default: true]": true,
    "granite_lantern [default: true]": true,
    "quartz_lantern [default: true]": true,
    "purpur_lantern [default: true]": true,
    "blackstone_lantern [default: true]": true,
    "amber_gem [default: true]": true,
    "amber_block [default: true]": true,
    "bulb_lantern [default: true]": true,
    "twisted_moss_dye [default: true]": true,
    "byshy_grass_dye [default: true]": true,
    "tail_moss_dye [default: true]": true,
    "petal_block [default: true]": true,
    "petal_white_dye [default: true]": true,
    "sweet_berry_jelly [default: true]": true,
    "shadow_berry_jelly [default: true]": true,
    "sulphur_gunpowder [default: true]": true,
    "dense_emerald_ice [default: true]": true,
    "ancient_emerald_ice [default: true]": true,
    "charnia_cyan_dye [default: true]": true,
    "charnia_green_dye [default: true]": true,
    "charnia_light_blue_dye [default: true]": true,
    "charnia_orange_dye [default: true]": true,
    "charnia_purple_dye [default: true]": true,
    "charnia_red_dye [default: true]": true,
    "respawn_obelisk [default: true]": true,
    "hopper [default: true]": true,
    "shulker_box [default: true]": true,
    "twisted_umbrella_moss_dye [default: true]": true,
    "twisted_umbrella_moss_dye_tall [default: true]": true,
    "leather_to_stripes [default: true]": true,
    "stripes_to_leather [default: true]": true,
    "leather_wrapped_stick [default: true]": true
  },
  "furnace": {
    "end_lily_leaf_dried [default: true]": true,
    "end_glass [default: true]": true,
    "end_berry [default: true]": true,
    "end_fish [default: true]": true,
    "slime_ball [default: true]": true
  },
  "alloying": {
    "additional_iron [default: true]": true,
    "additional_gold [default: true]": true,
    "additional_netherite [default: true]": true,
    "terminite_ingot [default: true]": true,
    "aeternium_ingot [default: true]": true
  },
  "anvil": {
    "ender_pearl_to_dust [default: true]": true,
    "ender_shard_to_dust [default: true]": true,
    "aeternium_axe_head [default: true]": true,
    "aeternium_pickaxe_head [default: true]": true,
    "aeternium_shovel_head [default: true]": true,
    "aeternium_hoe_head [default: true]": true,
    "aeternium_hammer_head [default: true]": true,
    "aeternium_sword_blade [default: true]": true
  },
  "smithing": {
    "aeternium_sword_handle [default: true]": true,
    "aeternium_sword [default: true]": true,
    "aeternium_pickaxe [default: true]": true,
    "aeternium_axe [default: true]": true,
    "aeternium_shovel [default: true]": true,
    "aeternium_hoe [default: true]": true,
    "aeternium_hammer [default: true]": true,
    "aeternium_helmet [default: true]": true,
    "aeternium_chestplate [default: true]": true,
    "aeternium_leggings [default: true]": true,
    "aeternium_boots [default: true]": true
  },
  "infusion": {
    "runed_flavolite [default: true]": true,
    "eternal_crystal [default: true]": true,
    "crystalite_helmet [default: true]": true,
    "crystalite_chestplate [default: true]": true,
    "crystalite_leggings [default: true]": true,
    "crystalite_boots [default: true]": true,
    "enchanted_petal [default: true]": true,
    "protection_book [default: true]": true,
    "fire_protection_book [default: true]": true,
    "feather_falling_book [default: true]": true,
    "blast_protection_book [default: true]": true,
    "projectile_protection_book [default: true]": true,
    "respiration_book [default: true]": true,
    "aqua_affinity_book [default: true]": true,
    "thorns_book [default: true]": true,
    "depth_strider_book [default: true]": true,
    "frost_walker_book [default: true]": true,
    "soul_speed_book [default: true]": true,
    "sharpness_book [default: true]": true,
    "smite_book [default: true]": true,
    "bane_of_arthropods_book [default: true]": true,
    "knockback_book [default: true]": true,
    "fire_aspect_book [default: true]": true,
    "looting_book [default: true]": true,
    "sweeping_book [default: true]": true,
    "efficiency_book [default: true]": true,
    "silk_touch_book [default: true]": true,
    "unbreaking_book [default: true]": true,
    "fortune_book [default: true]": true,
    "power_book [default: true]": true,
    "punch_book [default: true]": true,
    "flame_book [default: true]": true,
    "infinity_book [default: true]": true,
    "luck_of_sea_book [default: true]": true,
    "lure_book [default: true]": true,
    "loyalty_book [default: true]": true,
    "impaling_book [default: true]": true,
    "riptide_book [default: true]": true,
    "channeling_book [default: true]": true,
    "multishot_book [default: true]": true,
    "quick_charge_book [default: true]": true,
    "piercing_book [default: true]": true,
    "mending_book [default: true]": true
  }
}